DELETE
FROM cartitems;

DELETE
FROM products;

DELETE
FROM userroles;

DELETE
FROM users;

DELETE
FROM roles;

INSERT INTO ROLES(ROLEID, NAME, CREATEDBY, CREATEDDATE, LASTMODIFIEDBY, LASTMODIFIEDDATE)
     VALUES (1, 'ADMIN', 'SYSTEM', CURRENT_TIMESTAMP, 'SYSTEM', CURRENT_TIMESTAMP),
            (2, 'USER', 'SYSTEM', CURRENT_TIMESTAMP, 'SYSTEM', CURRENT_TIMESTAMP);

INSERT INTO USERS(USERID, USERNAME, PRIMARYEMAIL, PASSWORD, COMMENTS, CREATEDBY, CREATEDDATE, LASTMODIFIEDBY, LASTMODIFIEDDATE)
     VALUES (1, 'barnbarn', 'barnbarn@host.local', 'LambdaLlama', '', 'SYSTEM', CURRENT_TIMESTAMP, 'SYSTEM', CURRENT_TIMESTAMP),
            (2, 'cinnamon', 'cinnamon@host.local', 'LambdaLlama', '', 'SYSTEM', CURRENT_TIMESTAMP, 'SYSTEM', CURRENT_TIMESTAMP),
            (3, 'stumps', 'stumps@host.local', 'LambdaLlama', '', 'SYSTEM', CURRENT_TIMESTAMP, 'SYSTEM', CURRENT_TIMESTAMP);

INSERT INTO USERROLES(ROLEID, USERID, CREATEDBY, CREATEDDATE, LASTMODIFIEDBY, LASTMODIFIEDDATE)
     VALUES (1, 1, 'SYSTEM', CURRENT_TIMESTAMP, 'SYSTEM', CURRENT_TIMESTAMP),
            (2, 1, 'SYSTEM', CURRENT_TIMESTAMP, 'SYSTEM', CURRENT_TIMESTAMP),
            (2, 2, 'SYSTEM', CURRENT_TIMESTAMP, 'SYSTEM', CURRENT_TIMESTAMP),
            (2, 3, 'SYSTEM', CURRENT_TIMESTAMP, 'SYSTEM', CURRENT_TIMESTAMP);

INSERT INTO PRODUCTS(PRODUCTID, NAME, DESCRIPTION, PRICE, COMMENTS, CREATEDBY, CREATEDDATE, LASTMODIFIEDBY, LASTMODIFIEDDATE)
     VALUES (1, 'PEN', 'MAKES WORDS', 2.50, '', 'SYSTEM', CURRENT_TIMESTAMP, 'SYSTEM', CURRENT_TIMESTAMP),
            (2, 'PENCIL', 'DOES MATH', 1.50, '', 'SYSTEM', CURRENT_TIMESTAMP, 'SYSTEM', CURRENT_TIMESTAMP),
            (3, 'COFFEE', 'EVERYONE NEEDS COFFEE', 4.00, '', 'SYSTEM', CURRENT_TIMESTAMP, 'SYSTEM', CURRENT_TIMESTAMP);

INSERT INTO CARTITEMS(USERID, PRODUCTID, QUANTITY, COMMENTS, CREATEDBY, CREATEDDATE, LASTMODIFIEDBY, LASTMODIFIEDDATE)
     VALUES (1, 1, 4, '', 'SYSTEM', CURRENT_TIMESTAMP, 'SYSTEM', CURRENT_TIMESTAMP),
            (1, 2, 3, '', 'SYSTEM', CURRENT_TIMESTAMP, 'SYSTEM', CURRENT_TIMESTAMP),
            (1, 3, 2, '', 'SYSTEM', CURRENT_TIMESTAMP, 'SYSTEM', CURRENT_TIMESTAMP),
            (2, 3, 1, '', 'SYSTEM', CURRENT_TIMESTAMP, 'SYSTEM', CURRENT_TIMESTAMP),
            (3, 3, 17, '', 'SYSTEM', CURRENT_TIMESTAMP, 'SYSTEM', CURRENT_TIMESTAMP);


/*
We must tell hibernate the ids that have already been used.
The number must be larger than the last used id.
15 > 3 so we are good!
 */

alter sequence hibernate_sequence restart with 15;
